TIMESTAMP;programPulseSequenceAndRun; RESULTS;readOutput
2026-08-05 12:46:50.637968;50; ;-1.11759e-07
2026-08-05 12:46:51.283045;100; ;-2.68223e-07
2026-08-05 12:46:51.935198;150; ;-4.32135e-07
2026-08-05 12:46:52.585655;200; ;-6.20264e-07
2026-08-05 12:46:53.246181;250; ;-7.8604e-07
2026-08-05 12:46:53.889634;300; ;-9.36914e-07
2026-08-05 12:46:54.537878;350; ;-1.09338e-06
2026-08-05 12:46:55.179681;400; ;-1.17161e-06
2026-08-05 12:46:55.837924;450; ;-1.36346e-06
2026-08-05 12:46:56.490428;500; ;-1.45473e-06
2026-08-05 12:46:57.140837;550; ;-1.68198e-06
2026-08-05 12:46:57.800217;600; ;-1.68756e-06
2026-08-05 12:46:58.462011;650; ;-1.73972e-06
2026-08-05 12:46:59.110215;700; ;-1.86824e-06
2026-08-05 12:46:59.755538;750; ;-2.02471e-06
2026-08-05 12:47:00.405507;800; ;-1.99491e-06
2026-08-05 12:47:01.056445;850; ;-1.96138e-06
2026-08-05 12:47:01.714381;900; ;-1.885e-06
2026-08-05 12:47:02.374479;950; ;-1.8701e-06
2026-08-05 12:47:03.039931;1000; ;-1.68011e-06
2026-08-05 12:47:03.684260;1050; ;-1.52179e-06
2026-08-05 12:47:04.334895;1100; ;-1.32994e-06
2026-08-05 12:47:04.983667;1150; ;-1.26847e-06
2026-08-05 12:47:05.631096;1200; ;-1.13063e-06
2026-08-05 12:47:06.284453;1250; ;-1.15671e-06
2026-08-05 12:47:06.929154;1300; ;-1.00397e-06
2026-08-05 12:47:07.587044;1350; ;-9.76033e-07
2026-08-05 12:47:08.237383;1400; ;-9.07112e-07
2026-08-05 12:47:08.899981;1450; ;-8.95936e-07
2026-08-05 12:47:09.552749;1500; ;-9.2015e-07
2026-08-05 12:47:10.207955;1550; ;-9.05249e-07
2026-08-05 12:47:10.845442;1600; ;-9.38777e-07
2026-08-05 12:47:11.496237;1650; ;-8.60546e-07
2026-08-05 12:47:12.148372;1700; ;-9.90934e-07
2026-08-05 12:47:12.805490;1750; ;-1.03191e-06
2026-08-05 12:47:13.457365;1800; ;-1.05985e-06
2026-08-05 12:47:14.102604;1850; ;-1.1623e-06
2026-08-05 12:47:14.738140;1900; ;-1.22935e-06
2026-08-05 12:47:15.406080;1950; ;-1.21818e-06
2026-08-05 12:47:16.055778;2000; ;-1.38768e-06
2026-08-05 12:47:16.707077;2050; ;-1.42679e-06
2026-08-05 12:47:17.351895;2100; ;-1.4715e-06
2026-08-05 12:47:17.997844;2150; ;-1.48454e-06
2026-08-05 12:47:18.670772;2200; ;-1.63168e-06
2026-08-05 12:47:19.328822;2250; ;-1.71923e-06
2026-08-05 12:47:19.988113;2300; ;-1.83844e-06
2026-08-05 12:47:20.638329;2350; ;-1.85334e-06
2026-08-05 12:47:21.290378;2400; ;-1.86638e-06
2026-08-05 12:47:21.946484;2450; ;-1.84961e-06
2026-08-05 12:47:22.595462;2500; ;-1.83658e-06
2026-08-05 12:47:23.247153;2550; ;-1.74158e-06
2026-08-05 12:47:23.894178;2600; ;-1.66335e-06
2026-08-05 12:47:24.554503;2650; ;-1.57953e-06
2026-08-05 12:47:25.215254;2700; ;-1.4566e-06
2026-08-05 12:47:25.868277;2750; ;-1.3318e-06
2026-08-05 12:47:26.522336;2800; ;-1.20886e-06
2026-08-05 12:47:27.183152;2850; ;-1.18279e-06
2026-08-05 12:47:27.825906;2900; ;-1.17534e-06
2026-08-05 12:47:28.477443;2950; ;-1.14181e-06
2026-08-05 12:47:29.127794;3000; ;-1.05054e-06
2026-08-05 12:47:29.778727;3050; ;-1.1474e-06
2026-08-05 12:47:30.433704;3100; ;-1.11014e-06
2026-08-05 12:47:31.086688;3150; ;-1.09524e-06
2026-08-05 12:47:31.734554;3200; ;-1.08407e-06
2026-08-05 12:47:32.380760;3250; ;-1.09897e-06
2026-08-05 12:47:33.031639;3300; ;-1.14181e-06
2026-08-05 12:47:33.681411;3350; ;-1.15485e-06
2026-08-05 12:47:34.335252;3400; ;-1.27964e-06
2026-08-05 12:47:35.004200;3450; ;-1.32249e-06
2026-08-05 12:47:35.659584;3500; ;-1.35788e-06
2026-08-05 12:47:36.314424;3550; ;-1.3318e-06
2026-08-05 12:47:36.973230;3600; ;-1.42493e-06
2026-08-05 12:47:37.624627;3650; ;-1.35601e-06
2026-08-05 12:47:38.290894;3700; ;-1.48454e-06
2026-08-05 12:47:38.937997;3750; ;-1.67825e-06
2026-08-05 12:47:39.597160;3800; ;-1.63168e-06
2026-08-05 12:47:40.240577;3850; ;-1.72295e-06
2026-08-05 12:47:40.900568;3900; ;-1.75834e-06
2026-08-05 12:47:41.550760;3950; ;-1.77511e-06
2026-08-05 12:47:42.207907;4000; ;-1.84775e-06
2026-08-05 12:47:42.868656;4050; ;-1.78628e-06
2026-08-05 12:47:43.518910;4100; ;-1.74903e-06
2026-08-05 12:47:44.182142;4150; ;-1.76021e-06
2026-08-05 12:47:44.822971;4200; ;-1.68384e-06
2026-08-05 12:47:45.475062;4250; ;-1.55904e-06
2026-08-05 12:47:46.145243;4300; ;-1.55345e-06
2026-08-05 12:47:46.786272;4350; ;-1.43238e-06
2026-08-05 12:47:47.451794;4400; ;-1.3467e-06
2026-08-05 12:47:48.106299;4450; ;-1.30758e-06
2026-08-05 12:47:48.768704;4500; ;-1.19396e-06
2026-08-05 12:47:49.433624;4550; ;-1.20141e-06
2026-08-05 12:47:50.083021;4600; ;-1.2517e-06
2026-08-05 12:47:50.741666;4650; ;-1.27592e-06
2026-08-05 12:47:51.403167;4700; ;-1.30013e-06
2026-08-05 12:47:52.056350;4750; ;-1.25543e-06
2026-08-05 12:47:52.705420;4800; ;-1.21259e-06
2026-08-05 12:47:53.371278;4850; ;-1.13436e-06
2026-08-05 12:47:54.039894;4900; ;-1.31503e-06
2026-08-05 12:47:54.688166;4950; ;-1.32621e-06
2026-08-05 12:47:55.357009;5000; ;-1.38395e-06
2026-08-05 12:47:56.005677;5050; ;-1.44542e-06
2026-08-05 12:47:56.659811;5100; ;-1.48267e-06
2026-08-05 12:47:57.320779;5150; ;-1.48454e-06
2026-08-05 12:47:57.972531;5200; ;-1.41934e-06
2026-08-05 12:47:58.627816;5250; ;-1.53296e-06
2026-08-05 12:47:59.316025;5300; ;-1.62796e-06
2026-08-05 12:48:00.009960;5350; ;-1.57394e-06
2026-08-05 12:48:00.703303;5400; ;-1.67639e-06
2026-08-05 12:48:01.426499;5450; ;-1.74531e-06
2026-08-05 12:48:02.119545;5500; ;-1.69129e-06
2026-08-05 12:48:02.824567;5550; ;-1.8701e-06
2026-08-05 12:48:03.531568;5600; ;-1.86824e-06
2026-08-05 12:48:04.265511;5650; ;-1.8105e-06
2026-08-05 12:48:04.948605;5700; ;-1.76952e-06
2026-08-05 12:48:05.638950;5750; ;-1.69874e-06
2026-08-05 12:48:06.325074;5800; ;-1.64659e-06
2026-08-05 12:48:07.130204;5850; ;-1.60561e-06
2026-08-05 12:48:07.826617;5900; ;-1.52179e-06
2026-08-05 12:48:08.542179;5950; ;-1.49199e-06
2026-08-05 12:48:09.230677;6000; ;-1.47336e-06
2026-08-05 12:48:09.933250;6050; ;-1.37836e-06
2026-08-05 12:48:10.656601;6100; ;-1.46777e-06
2026-08-05 12:48:11.338301;6150; ;-1.46591e-06
2026-08-05 12:48:12.025232;6200; ;-1.45473e-06
2026-08-05 12:48:12.724850;6250; ;-1.36346e-06
2026-08-05 12:48:13.422791;6300; ;-1.49385e-06
2026-08-05 12:48:14.128019;6350; ;-1.49012e-06
2026-08-05 12:48:14.824456;6400; ;-1.46032e-06
2026-08-05 12:48:15.537000;6450; ;-1.46405e-06
2026-08-05 12:48:16.232839;6500; ;-1.69688e-06
2026-08-05 12:48:16.931328;6550; ;-1.59257e-06
2026-08-05 12:48:17.621293;6600; ;-1.546e-06
2026-08-05 12:48:18.326924;6650; ;-1.60561e-06
2026-08-05 12:48:19.007719;6700; ;-1.63541e-06
2026-08-05 12:48:19.649965;6750; ;-1.56649e-06
2026-08-05 12:48:20.323454;6800; ;-1.63914e-06
2026-08-05 12:48:20.984536;6850; ;-1.78628e-06
2026-08-05 12:48:21.633434;6900; ;-1.86824e-06
2026-08-05 12:48:22.293855;6950; ;-1.97442e-06
2026-08-05 12:48:22.970712;7000; ;-1.95393e-06
2026-08-05 12:48:23.641621;7050; ;-1.90549e-06
2026-08-05 12:48:24.317878;7100; ;-1.93903e-06
2026-08-05 12:48:24.985421;7150; ;-1.90177e-06
2026-08-05 12:48:25.641148;7200; ;-1.96324e-06
2026-08-05 12:48:26.312801;7250; ;-1.98187e-06
2026-08-05 12:48:26.960441;7300; ;-1.90736e-06
2026-08-05 12:48:27.612649;7350; ;-1.94834e-06
2026-08-05 12:48:28.267367;7400; ;-1.91295e-06
2026-08-05 12:48:28.921934;7450; ;-1.85148e-06
2026-08-05 12:48:29.581098;7500; ;-1.82354e-06
2026-08-05 12:48:30.237855;7550; ;-1.79001e-06
2026-08-05 12:48:30.903880;7600; ;-1.85893e-06
2026-08-05 12:48:31.560928;7650; ;-1.77883e-06
2026-08-05 12:48:32.225606;7700; ;-1.80864e-06
2026-08-05 12:48:32.888190;7750; ;-1.76021e-06
2026-08-05 12:48:33.539904;7800; ;-1.84216e-06
2026-08-05 12:48:34.209377;7850; ;-1.89059e-06
2026-08-05 12:48:34.874472;7900; ;-1.8701e-06
2026-08-05 12:48:35.525300;7950; ;-1.87569e-06
